uni_code,uni_name,uni_web_link,major_code,major_name,score,major_group,province,uni_type,tuition_fee,study_program,admission_type,admission_type_name,admission_code,subject_combination
SPK,TRƯỜNG ĐẠI HỌC SƯ PHẠM KỸ THUẬT TP.HCM,https://hcmute.edu.vn/,7140231V,Sư phạm tiếng Anh (đào tạo bằng tiếng Việt),29.57,714,TP. Hồ Chí Minh,Công lập,30000000,Đại trà,HỌC BẠ,Sử dụng phương thức xét tuyển học bạ,SPK-7140231V-Học Bạ,HỌC BẠ
SPK,TRƯỜNG ĐẠI HỌC SƯ PHẠM KỸ THUẬT TP.HCM,https://hcmute.edu.vn/,7140246V,Sư phạm công nghệ (đào tạo bằng tiếng Việt),26.79,714,TP. Hồ Chí Minh,Công lập,30000000,Đại trà,HỌC BẠ,Sử dụng phương thức xét tuyển học bạ,SPK-7140246V-Học Bạ,HỌC BẠ
SPK,TRƯỜNG ĐẠI HỌC SƯ PHẠM KỸ THUẬT TP.HCM,https://hcmute.edu.vn/,7210403V,Thiết kế đồ họa (đào tạo bằng tiếng Việt),24.6,721,TP. Hồ Chí Minh,Công lập,30000000,Đại trà,HỌC BẠ,Sử dụng phương thức xét tuyển học bạ,SPK-7210403V-Học Bạ,HỌC BẠ
SPK,TRƯỜNG ĐẠI HỌC SƯ PHẠM KỸ THUẬT TP.HCM,https://hcmute.edu.vn/,7210404V,Thiết kế thời trang (đào tạo bằng tiếng Việt),22.7,721,TP. Hồ Chí Minh,Công lập,30000000,Đại trà,HỌC BẠ,Sử dụng phương thức xét tuyển học bạ,SPK-7210404V-Học Bạ,HỌC BẠ
SPK,TRƯỜNG ĐẠI HỌC SƯ PHẠM KỸ THUẬT TP.HCM,https://hcmute.edu.vn/,7220201BP,Ngôn ngữ Anh (đào tạo tại phân hiệu Bình Phước),24,722,Bình Phước,Công lập,30000000,Đào tạo tại Bình Phước,HỌC BẠ,Sử dụng phương thức xét tuyển học bạ,SPK-7220201BP-Học Bạ,HỌC BẠ
SPK,TRƯỜNG ĐẠI HỌC SƯ PHẠM KỸ THUẬT TP.HCM,https://hcmute.edu.vn/,7220201V,Ngôn ngữ Anh (đào tạo bằng tiếng Việt),26.6,722,TP. Hồ Chí Minh,Công lập,30000000,Đại trà,HỌC BẠ,Sử dụng phương thức xét tuyển học bạ,SPK-7220201V-Học Bạ,HỌC BẠ
SPK,TRƯỜNG ĐẠI HỌC SƯ PHẠM KỸ THUẬT TP.HCM,https://hcmute.edu.vn/,7310403V,Tâm lý học giáo dục (đào tạo bằng tiếng Việt),25.18,731,TP. Hồ Chí Minh,Công lập,32000000,Đại trà,HỌC BẠ,Sử dụng phương thức xét tuyển học bạ,SPK-7310403V-Học Bạ,HỌC BẠ
SPK,TRƯỜNG ĐẠI HỌC SƯ PHẠM KỸ THUẬT TP.HCM,https://hcmute.edu.vn/,7320106V,Công nghệ truyền thông (Truyền thông số và Công nghệ đa phương tiện) (đào tạo bằng tiếng Việt),26.5,732,TP. Hồ Chí Minh,Công lập,30000000,Đại trà,HỌC BẠ,Sử dụng phương thức xét tuyển học bạ,SPK-7320106V-Học Bạ,HỌC BẠ
SPK,TRƯỜNG ĐẠI HỌC SƯ PHẠM KỸ THUẬT TP.HCM,https://hcmute.edu.vn/,7340101V,Quản trị kinh doanh (đào tạo bằng tiếng Việt),24.74,734,TP. Hồ Chí Minh,Công lập,32000000,Đại trà,HỌC BẠ,Sử dụng phương thức xét tuyển học bạ,SPK-7340101V-Học Bạ,HỌC BẠ
SPK,TRƯỜNG ĐẠI HỌC SƯ PHẠM KỸ THUẬT TP.HCM,https://hcmute.edu.vn/,7340120BP,Kinh doanh Quốc tế (đào tạo tại phân hiệu Bình Phước),24.5,734,Bình Phước,Công lập,32000000,Đào tạo tại Bình Phước,HỌC BẠ,Sử dụng phương thức xét tuyển học bạ,SPK-7340120BP-Học Bạ,HỌC BẠ
SPK,TRƯỜNG ĐẠI HỌC SƯ PHẠM KỸ THUẬT TP.HCM,https://hcmute.edu.vn/,7340120V,Kinh doanh Quốc tế (đào tạo bằng tiếng Việt),24.95,734,TP. Hồ Chí Minh,Công lập,36000000,Đại trà,HỌC BẠ,Sử dụng phương thức xét tuyển học bạ,SPK-7340120V-Học Bạ,HỌC BẠ
SPK,TRƯỜNG ĐẠI HỌC SƯ PHẠM KỸ THUẬT TP.HCM,https://hcmute.edu.vn/,7340122BP,Thương mại điện tử (đào tạo tại phân hiệu Bình Phước),24.7,734,Bình Phước,Công lập,32000000,Đào tạo tại Bình Phước,HỌC BẠ,Sử dụng phương thức xét tuyển học bạ,SPK-7340122BP-Học Bạ,HỌC BẠ
SPK,TRƯỜNG ĐẠI HỌC SƯ PHẠM KỸ THUẬT TP.HCM,https://hcmute.edu.vn/,7340122V,Thương mại điện tử (đào tạo bằng tiếng Việt),25.7,734,TP. Hồ Chí Minh,Công lập,30000000,Đại trà,HỌC BẠ,Sử dụng phương thức xét tuyển học bạ,SPK-7340122V-Học Bạ,HỌC BẠ
SPK,TRƯỜNG ĐẠI HỌC SƯ PHẠM KỸ THUẬT TP.HCM,https://hcmute.edu.vn/,7340205V,Công nghệ tài chính (đào tạo bằng tiếng Việt),24.7,734,TP. Hồ Chí Minh,Công lập,30000000,Đại trà,HỌC BẠ,Sử dụng phương thức xét tuyển học bạ,SPK-7340205V-Học Bạ,HỌC BẠ
SPK,TRƯỜNG ĐẠI HỌC SƯ PHẠM KỸ THUẬT TP.HCM,https://hcmute.edu.vn/,7340301A,Kế toán (đào tạo bằng tiếng Anh),23.65,734,TP. Hồ Chí Minh,Công lập,62000000,Đào tạo bằng tiếng Anh,HỌC BẠ,Sử dụng phương thức xét tuyển học bạ,SPK-7340301A-Học Bạ,HỌC BẠ
SPK,TRƯỜNG ĐẠI HỌC SƯ PHẠM KỸ THUẬT TP.HCM,https://hcmute.edu.vn/,7340301BP,Kế toán (đào tạo tại phân hiệu Bình Phước),23.55,734,Bình Phước,Công lập,30000000,Đào tạo tại Bình Phước,HỌC BẠ,Sử dụng phương thức xét tuyển học bạ,SPK-7340301BP-Học Bạ,HỌC BẠ
SPK,TRƯỜNG ĐẠI HỌC SƯ PHẠM KỸ THUẬT TP.HCM,https://hcmute.edu.vn/,7340301V,Kế toán (đào tạo bằng tiếng Việt),23.65,734,TP. Hồ Chí Minh,Công lập,30000000,Đại trà,HỌC BẠ,Sử dụng phương thức xét tuyển học bạ,SPK-7340301V-Học Bạ,HỌC BẠ
SPK,TRƯỜNG ĐẠI HỌC SƯ PHẠM KỸ THUẬT TP.HCM,https://hcmute.edu.vn/,7380101V,Luật (đào tạo bằng tiếng Việt),24.73,738,TP. Hồ Chí Minh,Công lập,32000000,Đại trà,HỌC BẠ,Sử dụng phương thức xét tuyển học bạ,SPK-7380101V-Học Bạ,HỌC BẠ
SPK,TRƯỜNG ĐẠI HỌC SƯ PHẠM KỸ THUẬT TP.HCM,https://hcmute.edu.vn/,7480108A,Công nghệ Kỹ thuật máy tính (đào tạo bằng tiếng Anh),25.45,748,TP. Hồ Chí Minh,Công lập,62000000,Đào tạo bằng tiếng Anh,HỌC BẠ,Sử dụng phương thức xét tuyển học bạ,SPK-7480108A-Học Bạ,HỌC BẠ
SPK,TRƯỜNG ĐẠI HỌC SƯ PHẠM KỸ THUẬT TP.HCM,https://hcmute.edu.vn/,7480108V,Công nghệ Kỹ thuật máy tính (đào tạo bằng tiếng Việt),26.2,748,TP. Hồ Chí Minh,Công lập,32000000,Đại trà,HỌC BẠ,Sử dụng phương thức xét tuyển học bạ,SPK-7480108V-Học Bạ,HỌC BẠ
SPK,TRƯỜNG ĐẠI HỌC SƯ PHẠM KỸ THUẬT TP.HCM,https://hcmute.edu.vn/,7480118V,Hệ thống nhúng và IoT (đào tạo bằng tiếng Việt),25.9,748,TP. Hồ Chí Minh,Công lập,32000000,Đại trà,HỌC BẠ,Sử dụng phương thức xét tuyển học bạ,SPK-7480118V-Học Bạ,HỌC BẠ
SPK,TRƯỜNG ĐẠI HỌC SƯ PHẠM KỸ THUẬT TP.HCM,https://hcmute.edu.vn/,7480201A,Công nghệ thông tin (đào tạo bằng tiếng Anh),26.4,748,TP. Hồ Chí Minh,Công lập,62000000,Đào tạo bằng tiếng Anh,HỌC BẠ,Sử dụng phương thức xét tuyển học bạ,SPK-7480201A-Học Bạ,HỌC BẠ
SPK,TRƯỜNG ĐẠI HỌC SƯ PHẠM KỸ THUẬT TP.HCM,https://hcmute.edu.vn/,7480201BP,Công nghệ thông tin (đào tạo tại phân hiệu Bình Phước),24.75,748,Bình Phước,Công lập,32000000,Đào tạo tại Bình Phước,HỌC BẠ,Sử dụng phương thức xét tuyển học bạ,SPK-7480201BP-Học Bạ,HỌC BẠ
SPK,TRƯỜNG ĐẠI HỌC SƯ PHẠM KỸ THUẬT TP.HCM,https://hcmute.edu.vn/,7480201N,Công nghệ thông tin (chương trình Việt - Nhật),24.55,748,TP. Hồ Chí Minh,Công lập,49000000,Đào tạo bằng tiếng Nhật,HỌC BẠ,Sử dụng phương thức xét tuyển học bạ,SPK-7480201N-Học Bạ,HỌC BẠ
SPK,TRƯỜNG ĐẠI HỌC SƯ PHẠM KỸ THUẬT TP.HCM,https://hcmute.edu.vn/,7480201V,Công nghệ thông tin (đào tạo bằng tiếng Việt),27.45,748,TP. Hồ Chí Minh,Công lập,30000000,Đại trà,HỌC BẠ,Sử dụng phương thức xét tuyển học bạ,SPK-7480201V-Học Bạ,HỌC BẠ
SPK,TRƯỜNG ĐẠI HỌC SƯ PHẠM KỸ THUẬT TP.HCM,https://hcmute.edu.vn/,7480202V,An toàn thông tin (đào tạo bằng tiếng Việt),26,748,TP. Hồ Chí Minh,Công lập,32000000,Đại trà,HỌC BẠ,Sử dụng phương thức xét tuyển học bạ,SPK-7480202V-Học Bạ,HỌC BẠ
SPK,TRƯỜNG ĐẠI HỌC SƯ PHẠM KỸ THUẬT TP.HCM,https://hcmute.edu.vn/,7480203V,Kỹ thuật dữ liệu (đào tạo bằng tiếng Việt),26.1,748,TP. Hồ Chí Minh,Công lập,32000000,Đại trà,HỌC BẠ,Sử dụng phương thức xét tuyển học bạ,SPK-7480203V-Học Bạ,HỌC BẠ
SPK,TRƯỜNG ĐẠI HỌC SƯ PHẠM KỸ THUẬT TP.HCM,https://hcmute.edu.vn/,7510102A,Công nghệ Kỹ thuật công trình xây dựng (đào tạo bằng tiếng Anh),21.55,751,TP. Hồ Chí Minh,Công lập,62000000,Đào tạo bằng tiếng Anh,HỌC BẠ,Sử dụng phương thức xét tuyển học bạ,SPK-7510102A-Học Bạ,HỌC BẠ
SPK,TRƯỜNG ĐẠI HỌC SƯ PHẠM KỸ THUẬT TP.HCM,https://hcmute.edu.vn/,7510102V,Công nghệ Kỹ thuật công trình xây dựng (đào tạo bằng tiếng Việt),22.7,751,TP. Hồ Chí Minh,Công lập,32000000,Đại trà,HỌC BẠ,Sử dụng phương thức xét tuyển học bạ,SPK-7510102V-Học Bạ,HỌC BẠ
SPK,TRƯỜNG ĐẠI HỌC SƯ PHẠM KỸ THUẬT TP.HCM,https://hcmute.edu.vn/,7510106V,Hệ thống kỹ thuật công trình xây dựng (đào tạo bằng tiếng Việt),22.27,751,TP. Hồ Chí Minh,Công lập,32000000,Đại trà,HỌC BẠ,Sử dụng phương thức xét tuyển học bạ,SPK-7510106V-Học Bạ,HỌC BẠ
SPK,TRƯỜNG ĐẠI HỌC SƯ PHẠM KỸ THUẬT TP.HCM,https://hcmute.edu.vn/,7510201A,Công nghệ Kỹ thuật cơ khí (đào tạo bằng tiếng Anh),23.64,751,TP. Hồ Chí Minh,Công lập,62000000,Đào tạo bằng tiếng Anh,HỌC BẠ,Sử dụng phương thức xét tuyển học bạ,SPK-7510201A-Học Bạ,HỌC BẠ
SPK,TRƯỜNG ĐẠI HỌC SƯ PHẠM KỸ THUẬT TP.HCM,https://hcmute.edu.vn/,7510201BP,Công nghệ Kỹ thuật cơ khí (đào tạo tại phân hiệu Bình Phước),23.37,751,Bình Phước,Công lập,32000000,Đào tạo tại Bình Phước,HỌC BẠ,Sử dụng phương thức xét tuyển học bạ,SPK-7510201BP-Học Bạ,HỌC BẠ
SPK,TRƯỜNG ĐẠI HỌC SƯ PHẠM KỸ THUẬT TP.HCM,https://hcmute.edu.vn/,7510201TDA,Chương trình đào tạo Cơ khí - Tự động Hóa (thuộc ngành Công nghệ Kỹ thuật Cơ khí) (đào tạo bằng tiếng Anh),23.37,751,TP. Hồ Chí Minh,Công lập,62000000,Đào tạo bằng tiếng Anh,HỌC BẠ,Sử dụng phương thức xét tuyển học bạ,SPK-7510201TDA-Học Bạ,HỌC BẠ
SPK,TRƯỜNG ĐẠI HỌC SƯ PHẠM KỸ THUẬT TP.HCM,https://hcmute.edu.vn/,7510201V,Công nghệ Kỹ thuật cơ khí (đào tạo bằng tiếng Việt),26.45,751,TP. Hồ Chí Minh,Công lập,30000000,Đại trà,HỌC BẠ,Sử dụng phương thức xét tuyển học bạ,SPK-7510201V-Học Bạ,HỌC BẠ
SPK,TRƯỜNG ĐẠI HỌC SƯ PHẠM KỸ THUẬT TP.HCM,https://hcmute.edu.vn/,7510202A,Công nghệ chế tạo máy (đào tạo bằng tiếng Anh),22.8,751,TP. Hồ Chí Minh,Công lập,62000000,Đào tạo bằng tiếng Anh,HỌC BẠ,Sử dụng phương thức xét tuyển học bạ,SPK-7510202A-Học Bạ,HỌC BẠ
SPK,TRƯỜNG ĐẠI HỌC SƯ PHẠM KỸ THUẬT TP.HCM,https://hcmute.edu.vn/,7510202N,Công nghệ chế tạo máy (chương trình Việt - Nhật),22.8,751,TP. Hồ Chí Minh,Công lập,49000000,Đào tạo bằng tiếng Nhật,HỌC BẠ,Sử dụng phương thức xét tuyển học bạ,SPK-7510202N-Học Bạ,HỌC BẠ
SPK,TRƯỜNG ĐẠI HỌC SƯ PHẠM KỸ THUẬT TP.HCM,https://hcmute.edu.vn/,7510202V,Công nghệ chế tạo máy (đào tạo bằng tiếng Việt),25.15,751,TP. Hồ Chí Minh,Công lập,32000000,Đại trà,HỌC BẠ,Sử dụng phương thức xét tuyển học bạ,SPK-7510202V-Học Bạ,HỌC BẠ
SPK,TRƯỜNG ĐẠI HỌC SƯ PHẠM KỸ THUẬT TP.HCM,https://hcmute.edu.vn/,7510203A,Công nghệ Kỹ thuật cơ điện tử (đào tạo bằng tiếng Anh),25,751,TP. Hồ Chí Minh,Công lập,62000000,Đào tạo bằng tiếng Anh,HỌC BẠ,Sử dụng phương thức xét tuyển học bạ,SPK-7510203A-Học Bạ,HỌC BẠ
SPK,TRƯỜNG ĐẠI HỌC SƯ PHẠM KỸ THUẬT TP.HCM,https://hcmute.edu.vn/,7510203V,Công nghệ Kỹ thuật cơ điện tử (đào tạo bằng tiếng Việt),27.7,751,TP. Hồ Chí Minh,Công lập,30000000,Đại trà,HỌC BẠ,Sử dụng phương thức xét tuyển học bạ,SPK-7510203V-Học Bạ,HỌC BẠ
SPK,TRƯỜNG ĐẠI HỌC SƯ PHẠM KỸ THUẬT TP.HCM,https://hcmute.edu.vn/,7510205A,Công nghệ Kỹ thuật ô tô (đào tạo bằng tiếng Anh),24.15,751,TP. Hồ Chí Minh,Công lập,62000000,Đào tạo bằng tiếng Anh,HỌC BẠ,Sử dụng phương thức xét tuyển học bạ,SPK-7510205A-Học Bạ,HỌC BẠ
SPK,TRƯỜNG ĐẠI HỌC SƯ PHẠM KỸ THUẬT TP.HCM,https://hcmute.edu.vn/,7510205BP,Công nghệ Kỹ thuật ô tô (đào tạo tại phân hiệu Bình Phước),23.6,751,Bình Phước,Công lập,30000000,Đào tạo tại Bình Phước,HỌC BẠ,Sử dụng phương thức xét tuyển học bạ,SPK-7510205BP-Học Bạ,HỌC BẠ
SPK,TRƯỜNG ĐẠI HỌC SƯ PHẠM KỸ THUẬT TP.HCM,https://hcmute.edu.vn/,7510205N,Công nghệ Kỹ thuật ô tô (chương trình Việt - Nhật),23.55,751,TP. Hồ Chí Minh,Công lập,49000000,Đào tạo bằng tiếng Nhật,HỌC BẠ,Sử dụng phương thức xét tuyển học bạ,SPK-7510205N-Học Bạ,HỌC BẠ
SPK,TRƯỜNG ĐẠI HỌC SƯ PHẠM KỸ THUẬT TP.HCM,https://hcmute.edu.vn/,7510205V,Công nghệ Kỹ thuật ô tô (đào tạo bằng tiếng Việt),25.65,751,TP. Hồ Chí Minh,Công lập,32000000,Đại trà,HỌC BẠ,Sử dụng phương thức xét tuyển học bạ,SPK-7510205V-Học Bạ,HỌC BẠ
SPK,TRƯỜNG ĐẠI HỌC SƯ PHẠM KỸ THUẬT TP.HCM,https://hcmute.edu.vn/,7510206A,Công nghệ Kỹ thuật nhiệt (đào tạo bằng tiếng Anh),22.3,751,TP. Hồ Chí Minh,Công lập,62000000,Đào tạo bằng tiếng Anh,HỌC BẠ,Sử dụng phương thức xét tuyển học bạ,SPK-7510206A-Học Bạ,HỌC BẠ
SPK,TRƯỜNG ĐẠI HỌC SƯ PHẠM KỸ THUẬT TP.HCM,https://hcmute.edu.vn/,7510206N,Công nghệ Kỹ thuật nhiệt (chương trình Việt - Nhật),24.7,751,TP. Hồ Chí Minh,Công lập,49000000,Đào tạo bằng tiếng Nhật,HỌC BẠ,Sử dụng phương thức xét tuyển học bạ,SPK-7510206N-Học Bạ,HỌC BẠ
SPK,TRƯỜNG ĐẠI HỌC SƯ PHẠM KỸ THUẬT TP.HCM,https://hcmute.edu.vn/,7510206V,Công nghệ Kỹ thuật nhiệt (đào tạo bằng tiếng Việt),24.7,751,TP. Hồ Chí Minh,Công lập,32000000,Đại trà,HỌC BẠ,Sử dụng phương thức xét tuyển học bạ,SPK-7510206V-Học Bạ,HỌC BẠ
SPK,TRƯỜNG ĐẠI HỌC SƯ PHẠM KỸ THUẬT TP.HCM,https://hcmute.edu.vn/,7510208V,Năng lượng tái tạo (đào tạo bằng tiếng Việt),24,751,TP. Hồ Chí Minh,Công lập,32000000,Đại trà,HỌC BẠ,Sử dụng phương thức xét tuyển học bạ,SPK-7510208V-Học Bạ,HỌC BẠ
SPK,TRƯỜNG ĐẠI HỌC SƯ PHẠM KỸ THUẬT TP.HCM,https://hcmute.edu.vn/,7510209V,Robot và trí tuệ nhân tạo (đào tạo bằng tiếng Việt),27.5,751,TP. Hồ Chí Minh,Công lập,32000000,Đại trà,HỌC BẠ,Sử dụng phương thức xét tuyển học bạ,SPK-7510209V-Học Bạ,HỌC BẠ
SPK,TRƯỜNG ĐẠI HỌC SƯ PHẠM KỸ THUẬT TP.HCM,https://hcmute.edu.vn/,7510301A,"Công nghệ Kỹ thuật điện, điện tử (đào tạo bằng tiếng Anh)",24.25,751,TP. Hồ Chí Minh,Công lập,62000000,Đào tạo bằng tiếng Anh,HỌC BẠ,Sử dụng phương thức xét tuyển học bạ,SPK-7510301A-Học Bạ,HỌC BẠ
SPK,TRƯỜNG ĐẠI HỌC SƯ PHẠM KỸ THUẬT TP.HCM,https://hcmute.edu.vn/,7510301BP,"Công nghệ Kỹ thuật điện, điện tử (đào tạo tại phân hiệu Bình Phước)",23.5,751,Bình Phước,Công lập,32000000,Đào tạo tại Bình Phước,HỌC BẠ,Sử dụng phương thức xét tuyển học bạ,SPK-7510301BP-Học Bạ,HỌC BẠ
SPK,TRƯỜNG ĐẠI HỌC SƯ PHẠM KỸ THUẬT TP.HCM,https://hcmute.edu.vn/,7510301V,"Công nghệ Kỹ thuật điện, điện tử (đào tạo bằng tiếng Việt)",26.75,751,TP. Hồ Chí Minh,Công lập,32000000,Đại trà,HỌC BẠ,Sử dụng phương thức xét tuyển học bạ,SPK-7510301V-Học Bạ,HỌC BẠ
SPK,TRƯỜNG ĐẠI HỌC SƯ PHẠM KỸ THUẬT TP.HCM,https://hcmute.edu.vn/,7510302A,Công nghệ Kỹ thuật điện tử - viễn thông (đào tạo bằng tiếng Anh),24.2,751,TP. Hồ Chí Minh,Công lập,62000000,Đào tạo bằng tiếng Anh,HỌC BẠ,Sử dụng phương thức xét tuyển học bạ,SPK-7510302A-Học Bạ,HỌC BẠ
SPK,TRƯỜNG ĐẠI HỌC SƯ PHẠM KỸ THUẬT TP.HCM,https://hcmute.edu.vn/,7510302TKVM,Chương trình đào tạo Kỹ thuật Thiết kế vi mạch (thuộc ngành CNKT Điện tử - viễn thông) (đào tạo bằng tiếng Việt),28.65,751,TP. Hồ Chí Minh,Công lập,38000000,Đại trà,HỌC BẠ,Sử dụng phương thức xét tuyển học bạ,SPK-7510302TKVM-Học Bạ,HỌC BẠ
SPK,TRƯỜNG ĐẠI HỌC SƯ PHẠM KỸ THUẬT TP.HCM,https://hcmute.edu.vn/,7510302N,Công nghệ Kỹ thuật điện tử - viễn thông (chương trình Việt - Nhật),23,751,TP. Hồ Chí Minh,Công lập,55000000,Đào tạo bằng tiếng Nhật,HỌC BẠ,Sử dụng phương thức xét tuyển học bạ,SPK-7510302N-Học Bạ,HỌC BẠ
SPK,TRƯỜNG ĐẠI HỌC SƯ PHẠM KỸ THUẬT TP.HCM,https://hcmute.edu.vn/,7510302V,Công nghệ Kỹ thuật điện tử - viễn thông (đào tạo bằng tiếng Việt),26.45,751,TP. Hồ Chí Minh,Công lập,30000000,Đại trà,HỌC BẠ,Sử dụng phương thức xét tuyển học bạ,SPK-7510302V-Học Bạ,HỌC BẠ
SPK,TRƯỜNG ĐẠI HỌC SƯ PHẠM KỸ THUẬT TP.HCM,https://hcmute.edu.vn/,7510303A,Công nghệ Kỹ thuật điều khiển và tự động hóa (đào tạo bằng tiếng Anh),25.75,751,TP. Hồ Chí Minh,Công lập,62000000,Đào tạo bằng tiếng Anh,HỌC BẠ,Sử dụng phương thức xét tuyển học bạ,SPK-7510303A-Học Bạ,HỌC BẠ
SPK,TRƯỜNG ĐẠI HỌC SƯ PHẠM KỸ THUẬT TP.HCM,https://hcmute.edu.vn/,7510303BP,Công nghệ Kỹ thuật điều khiển và tự động hóa (đào tạo tại phân hiệu Bình Phước),25.45,751,Bình Phước,Công lập,30000000,Đào tạo tại Bình Phước,HỌC BẠ,Sử dụng phương thức xét tuyển học bạ,SPK-7510303BP-Học Bạ,HỌC BẠ
SPK,TRƯỜNG ĐẠI HỌC SƯ PHẠM KỸ THUẬT TP.HCM,https://hcmute.edu.vn/,7510303V,Công nghệ Kỹ thuật điều khiển và tự động hóa (đào tạo bằng tiếng Việt),28.7,751,TP. Hồ Chí Minh,Công lập,32000000,Đại trà,HỌC BẠ,Sử dụng phương thức xét tuyển học bạ,SPK-7510303V-Học Bạ,HỌC BẠ
SPK,TRƯỜNG ĐẠI HỌC SƯ PHẠM KỸ THUẬT TP.HCM,https://hcmute.edu.vn/,7510401A,Công nghệ Kỹ thuật hóa học (đào tạo bằng tiếng Anh),24.1,751,TP. Hồ Chí Minh,Công lập,62000000,Đào tạo bằng tiếng Anh,HỌC BẠ,Sử dụng phương thức xét tuyển học bạ,SPK-7510401A-Học Bạ,HỌC BẠ
SPK,TRƯỜNG ĐẠI HỌC SƯ PHẠM KỸ THUẬT TP.HCM,https://hcmute.edu.vn/,7510401V,Công nghệ Kỹ thuật hóa học (đào tạo bằng tiếng Việt),28.35,751,TP. Hồ Chí Minh,Công lập,32000000,Đại trà,HỌC BẠ,Sử dụng phương thức xét tuyển học bạ,SPK-7510401V-Học Bạ,HỌC BẠ
SPK,TRƯỜNG ĐẠI HỌC SƯ PHẠM KỸ THUẬT TP.HCM,https://hcmute.edu.vn/,7510402A,Công nghệ vật liệu (đào tạo bằng tiếng Anh),24.55,751,TP. Hồ Chí Minh,Công lập,62000000,Đào tạo bằng tiếng Anh,HỌC BẠ,Sử dụng phương thức xét tuyển học bạ,SPK-7510402A-Học Bạ,HỌC BẠ
SPK,TRƯỜNG ĐẠI HỌC SƯ PHẠM KỸ THUẬT TP.HCM,https://hcmute.edu.vn/,7510402V,Công nghệ vật liệu (đào tạo bằng tiếng Việt),24.55,751,TP. Hồ Chí Minh,Công lập,32000000,Đại trà,HỌC BẠ,Sử dụng phương thức xét tuyển học bạ,SPK-7510402V-Học Bạ,HỌC BẠ
SPK,TRƯỜNG ĐẠI HỌC SƯ PHẠM KỸ THUẬT TP.HCM,https://hcmute.edu.vn/,7510406V,Công nghệ Kỹ thuật môi trường (đào tạo bằng tiếng Việt),23.1,751,TP. Hồ Chí Minh,Công lập,32000000,Đại trà,HỌC BẠ,Sử dụng phương thức xét tuyển học bạ,SPK-7510406V-Học Bạ,HỌC BẠ
SPK,TRƯỜNG ĐẠI HỌC SƯ PHẠM KỸ THUẬT TP.HCM,https://hcmute.edu.vn/,7510601A,Quản lý công nghiệp (đào tạo bằng tiếng Anh),22,751,TP. Hồ Chí Minh,Công lập,62000000,Đào tạo bằng tiếng Anh,HỌC BẠ,Sử dụng phương thức xét tuyển học bạ,SPK-7510601A-Học Bạ,HỌC BẠ
SPK,TRƯỜNG ĐẠI HỌC SƯ PHẠM KỸ THUẬT TP.HCM,https://hcmute.edu.vn/,7510601BP,Quản lý công nghiệp (đào tạo tại phân hiệu Bình Phước),22,751,Bình Phước,Công lập,30000000,Đào tạo tại Bình Phước,HỌC BẠ,Sử dụng phương thức xét tuyển học bạ,SPK-7510601BP-Học Bạ,HỌC BẠ
SPK,TRƯỜNG ĐẠI HỌC SƯ PHẠM KỸ THUẬT TP.HCM,https://hcmute.edu.vn/,7510601V,Quản lý công nghiệp (đào tạo bằng tiếng Việt),24.6,751,TP. Hồ Chí Minh,Công lập,30000000,Đại trà,HỌC BẠ,Sử dụng phương thức xét tuyển học bạ,SPK-7510601V-Học Bạ,HỌC BẠ
SPK,TRƯỜNG ĐẠI HỌC SƯ PHẠM KỸ THUẬT TP.HCM,https://hcmute.edu.vn/,7510605BP,Logistics và quản lý chuỗi cung ứng (đào tạo tại phân hiệu Bình Phước),25,751,Bình Phước,Công lập,30000000,Đào tạo tại Bình Phước,HỌC BẠ,Sử dụng phương thức xét tuyển học bạ,SPK-7510605BP-Học Bạ,HỌC BẠ
SPK,TRƯỜNG ĐẠI HỌC SƯ PHẠM KỸ THUẬT TP.HCM,https://hcmute.edu.vn/,7510605V,Logistics và quản lý chuỗi cung ứng (đào tạo bằng tiếng Việt),27.65,751,TP. Hồ Chí Minh,Công lập,32000000,Đại trà,HỌC BẠ,Sử dụng phương thức xét tuyển học bạ,SPK-7510605V-Học Bạ,HỌC BẠ
SPK,TRƯỜNG ĐẠI HỌC SƯ PHẠM KỸ THUẬT TP.HCM,https://hcmute.edu.vn/,7510801V,Công nghệ Kỹ thuật in (đào tạo bằng tiếng Việt),22.1,751,TP. Hồ Chí Minh,Công lập,32000000,Đại trà,HỌC BẠ,Sử dụng phương thức xét tuyển học bạ,SPK-7510801V-Học Bạ,HỌC BẠ
SPK,TRƯỜNG ĐẠI HỌC SƯ PHẠM KỸ THUẬT TP.HCM,https://hcmute.edu.vn/,7520117V,Kỹ thuật công nghiệp (đào tạo bằng tiếng Việt),24.1,752,TP. Hồ Chí Minh,Công lập,32000000,Đại trà,HỌC BẠ,Sử dụng phương thức xét tuyển học bạ,SPK-7520117V-Học Bạ,HỌC BẠ
SPK,TRƯỜNG ĐẠI HỌC SƯ PHẠM KỸ THUẬT TP.HCM,https://hcmute.edu.vn/,7520212A,Kỹ thuật y sinh (Điện tử y sinh) (đào tạo bằng tiếng Anh),22.15,752,TP. Hồ Chí Minh,Công lập,62000000,Đào tạo bằng tiếng Anh,HỌC BẠ,Sử dụng phương thức xét tuyển học bạ,SPK-7520212A-Học Bạ,HỌC BẠ
SPK,TRƯỜNG ĐẠI HỌC SƯ PHẠM KỸ THUẬT TP.HCM,https://hcmute.edu.vn/,7520212V,Kỹ thuật y sinh (Điện tử y sinh) (đào tạo bằng tiếng Việt),25.8,752,TP. Hồ Chí Minh,Công lập,32000000,Đại trà,HỌC BẠ,Sử dụng phương thức xét tuyển học bạ,SPK-7520212V-Học Bạ,HỌC BẠ
SPK,TRƯỜNG ĐẠI HỌC SƯ PHẠM KỸ THUẬT TP.HCM,https://hcmute.edu.vn/,7520401V,"Vật lý kỹ thuật (định hướng công nghệ bán dẫn và cảm biến, đo lường) (đào tạo bằng tiếng Việt)",28.65,752,TP. Hồ Chí Minh,Công lập,32000000,Đại trà,HỌC BẠ,Sử dụng phương thức xét tuyển học bạ,SPK-7520401V-Học Bạ,HỌC BẠ
SPK,TRƯỜNG ĐẠI HỌC SƯ PHẠM KỸ THUẬT TP.HCM,https://hcmute.edu.vn/,7540101A,Công nghệ thực phẩm (đào tạo bằng tiếng Anh),22,754,TP. Hồ Chí Minh,Công lập,62000000,Đào tạo bằng tiếng Anh,HỌC BẠ,Sử dụng phương thức xét tuyển học bạ,SPK-7540101A-Học Bạ,HỌC BẠ
SPK,TRƯỜNG ĐẠI HỌC SƯ PHẠM KỸ THUẬT TP.HCM,https://hcmute.edu.vn/,7540101DD,Chương trình đào tạo Khoa học thực phẩm \& Dinh dưỡng (thuộc ngành Công nghệ thực phẩm) (đào tạo bằng tiếng Việt),22.15,754,TP. Hồ Chí Minh,Công lập,32000000,Thuộc ngành Công nghệ thực phẩm (đào tạo bằng tiếng Việt),HỌC BẠ,Sử dụng phương thức xét tuyển học bạ,SPK-7540101DD-Học Bạ,HỌC BẠ
SPK,TRƯỜNG ĐẠI HỌC SƯ PHẠM KỸ THUẬT TP.HCM,https://hcmute.edu.vn/,7540101V,Công nghệ thực phẩm (đào tạo bằng tiếng Việt),24.85,754,TP. Hồ Chí Minh,Công lập,32000000,Đại trà,HỌC BẠ,Sử dụng phương thức xét tuyển học bạ,SPK-7540101V-Học Bạ,HỌC BẠ
SPK,TRƯỜNG ĐẠI HỌC SƯ PHẠM KỸ THUẬT TP.HCM,https://hcmute.edu.vn/,7540209V,Công nghệ may (đào tạo bằng tiếng Việt),22,754,TP. Hồ Chí Minh,Công lập,32000000,Đại trà,HỌC BẠ,Sử dụng phương thức xét tuyển học bạ,SPK-7540209V-Học Bạ,HỌC BẠ
SPK,TRƯỜNG ĐẠI HỌC SƯ PHẠM KỸ THUẬT TP.HCM,https://hcmute.edu.vn/,7549002V,Kỹ nghệ gỗ và nội thất (đào tạo bằng tiếng Việt),21.1,754,TP. Hồ Chí Minh,Công lập,32000000,Đại trà,HỌC BẠ,Sử dụng phương thức xét tuyển học bạ,SPK-7549002V-Học Bạ,HỌC BẠ
SPK,TRƯỜNG ĐẠI HỌC SƯ PHẠM KỸ THUẬT TP.HCM,https://hcmute.edu.vn/,7580101V,Kiến trúc (đào tạo bằng tiếng Việt),21.75,758,TP. Hồ Chí Minh,Công lập,36000000,Đại trà,HỌC BẠ,Sử dụng phương thức xét tuyển học bạ,SPK-7580101V-Học Bạ,HỌC BẠ
SPK,TRƯỜNG ĐẠI HỌC SƯ PHẠM KỸ THUẬT TP.HCM,https://hcmute.edu.vn/,7580103V,Kiến trúc nội thất (đào tạo bằng tiếng Việt),21.2,758,TP. Hồ Chí Minh,Công lập,36000000,Đại trà,HỌC BẠ,Sử dụng phương thức xét tuyển học bạ,SPK-7580103V-Học Bạ,HỌC BẠ
SPK,TRƯỜNG ĐẠI HỌC SƯ PHẠM KỸ THUẬT TP.HCM,https://hcmute.edu.vn/,7580205V,Kỹ thuật xây dựng công trình giao thông (đào tạo bằng tiếng Việt),22.5,758,TP. Hồ Chí Minh,Công lập,32000000,Đại trà,HỌC BẠ,Sử dụng phương thức xét tuyển học bạ,SPK-7580205V-Học Bạ,HỌC BẠ
SPK,TRƯỜNG ĐẠI HỌC SƯ PHẠM KỸ THUẬT TP.HCM,https://hcmute.edu.vn/,7580302BP,Quản lý xây dựng (đào tạo tại phân hiệu Bình Phước),22.5,758,Bình Phước,Công lập,32000000,Đào tạo tại Bình Phước,HỌC BẠ,Sử dụng phương thức xét tuyển học bạ,SPK-7580302BP-Học Bạ,HỌC BẠ
SPK,TRƯỜNG ĐẠI HỌC SƯ PHẠM KỸ THUẬT TP.HCM,https://hcmute.edu.vn/,7580302V,Quản lý xây dựng (đào tạo bằng tiếng Việt),22.5,758,TP. Hồ Chí Minh,Công lập,32000000,Đại trà,HỌC BẠ,Sử dụng phương thức xét tuyển học bạ,SPK-7580302V-Học Bạ,HỌC BẠ
SPK,TRƯỜNG ĐẠI HỌC SƯ PHẠM KỸ THUẬT TP.HCM,https://hcmute.edu.vn/,7810202V,Quản trị NH và DV ăn uống (đào tạo bằng tiếng Việt),23.35,781,TP. Hồ Chí Minh,Công lập,30000000,Đại trà,HỌC BẠ,Sử dụng phương thức xét tuyển học bạ,SPK-7810202V-Học Bạ,HỌC BẠ
SPK,TRƯỜNG ĐẠI HỌC SƯ PHẠM KỸ THUẬT TP.HCM,https://hcmute.edu.vn/,7840110V,Quản lý và vận hành hạ tầng (đào tạo bằng tiếng Việt),22,784,TP. Hồ Chí Minh,Công lập,32000000,Đại trà,HỌC BẠ,Sử dụng phương thức xét tuyển học bạ,SPK-7840110V-Học Bạ,HỌC BẠ
SPK,TRƯỜNG ĐẠI HỌC SƯ PHẠM KỸ THUẬT TP.HCM,https://hcmute.edu.vn/,7850101V,Chương trình đào tạo Môi trường và Phát triển bền vững (thuộc ngành Quản lý tài nguyên \& môi trường) (đào tạo bằng tiếng Việt),21.25,785,TP. Hồ Chí Minh,Công lập,30000000,Đại trà,HỌC BẠ,Sử dụng phương thức xét tuyển học bạ,SPK-7850101V-Học Bạ,HỌC BẠ
QSB,TRƯỜNG ĐẠI HỌC BÁCH KHOA-ĐẠI HỌC QUỐC GIA THÀNH PHỐ HỒ CHÍ MINH,https://hcmut.edu.vn,237,Kỹ thuật Y sinh,64.74,752,TP. Hồ Chí Minh,Công lập,80000000,Chương trình dạy và học bằng tiếng Anh,TỔNG HỢP,Sử dụng phương thức xét tuyển tổng hợp,QSB-237-Tổng Hợp,TỔNG HỢP
QSB,TRƯỜNG ĐẠI HỌC BÁCH KHOA-ĐẠI HỌC QUỐC GIA THÀNH PHỐ HỒ CHÍ MINH,https://hcmut.edu.vn,141,Bảo dưỡng Công nghiệp,65.59,751,TP. Hồ Chí Minh,Công lập,30000000,Đại trà,TỔNG HỢP,Sử dụng phương thức xét tuyển tổng hợp,QSB-141-Tổng Hợp,TỔNG HỢP
QSB,TRƯỜNG ĐẠI HỌC BÁCH KHOA-ĐẠI HỌC QUỐC GIA THÀNH PHỐ HỒ CHÍ MINH,https://hcmut.edu.vn,310,"Kỹ thuật Cơ Điện tử | Mỹ, Úc",78.44,752,TP. Hồ Chí Minh,Công lập,40000000,Chương trình chuyển tiếp quốc tế (Mỹ/ Úc),TỔNG HỢP,Sử dụng phương thức xét tuyển tổng hợp,QSB-310-Tổng Hợp,TỔNG HỢP
QSB,TRƯỜNG ĐẠI HỌC BÁCH KHOA-ĐẠI HỌC QUỐC GIA THÀNH PHỐ HỒ CHÍ MINH,https://hcmut.edu.vn,120,Dầu khí - Địa chất,60,752,TP. Hồ Chí Minh,Công lập,30000000,Đại trà,TỔNG HỢP,Sử dụng phương thức xét tuyển tổng hợp,QSB-120-Tổng Hợp,TỔNG HỢP
QSB,TRƯỜNG ĐẠI HỌC BÁCH KHOA-ĐẠI HỌC QUỐC GIA THÀNH PHỐ HỒ CHÍ MINH,https://hcmut.edu.vn,210,Kỹ thuật Cơ Điện tử,78.44,752,TP. Hồ Chí Minh,Công lập,80000000,Chương trình dạy và học bằng tiếng Anh,TỔNG HỢP,Sử dụng phương thức xét tuyển tổng hợp,QSB-210-Tổng Hợp,TỔNG HỢP
QSB,TRƯỜNG ĐẠI HỌC BÁCH KHOA-ĐẠI HỌC QUỐC GIA THÀNH PHỐ HỒ CHÍ MINH,https://hcmut.edu.vn,416,Công nghệ Thông tin | ĐH Công nghệ Sydney (Úc) cấp bằng,57.38,748,TP. Hồ Chí Minh,Công lập,250000000,Chương trình liên kết cử nhân kỹ thuật Quốc tế,TỔNG HỢP,Sử dụng phương thức xét tuyển tổng hợp,QSB-416-Tổng Hợp,TỔNG HỢP
QSB,TRƯỜNG ĐẠI HỌC BÁCH KHOA-ĐẠI HỌC QUỐC GIA THÀNH PHỐ HỒ CHÍ MINH,https://hcmut.edu.vn,123,Quản lý Công nghiệp,75.98,751,TP. Hồ Chí Minh,Công lập,30000000,Đại trà,TỔNG HỢP,Sử dụng phương thức xét tuyển tổng hợp,QSB-123-Tổng Hợp,TỔNG HỢP
QSB,TRƯỜNG ĐẠI HỌC BÁCH KHOA-ĐẠI HỌC QUỐC GIA THÀNH PHỐ HỒ CHÍ MINH,https://hcmut.edu.vn,108,Điện - Điện tử - Viễn Thông - Tự động hoá - Thiết kế vi mạch,80.77,751,TP. Hồ Chí Minh,Công lập,60000000,Đại trà,TỔNG HỢP,Sử dụng phương thức xét tuyển tổng hợp,QSB-108-Tổng Hợp,TỔNG HỢP
QSB,TRƯỜNG ĐẠI HỌC BÁCH KHOA-ĐẠI HỌC QUỐC GIA THÀNH PHỐ HỒ CHÍ MINH,https://hcmut.edu.vn,323,Quản lý Công nghiệp | Úc,61.08,751,TP. Hồ Chí Minh,Công lập,40000000,Chương trình chuyển tiếp quốc tế (Úc),TỔNG HỢP,Sử dụng phương thức xét tuyển tổng hợp,QSB-323-Tổng Hợp,TỔNG HỢP
QSB,TRƯỜNG ĐẠI HỌC BÁCH KHOA-ĐẠI HỌC QUỐC GIA THÀNH PHỐ HỒ CHÍ MINH,https://hcmut.edu.vn,206,Khoa học Máy tính,83.74,748,TP. Hồ Chí Minh,Công lập,80000000,Chương trình dạy và học bằng tiếng Anh,TỔNG HỢP,Sử dụng phương thức xét tuyển tổng hợp,QSB-206-Tổng Hợp,TỔNG HỢP
QSB,TRƯỜNG ĐẠI HỌC BÁCH KHOA-ĐẠI HỌC QUỐC GIA THÀNH PHỐ HỒ CHÍ MINH,https://hcmut.edu.vn,319,Công nghệ Thực phẩm | New Zealand,56.2,754,TP. Hồ Chí Minh,Công lập,40000000,Chương trình chuyển tiếp quốc tế (New Zealand),TỔNG HỢP,Sử dụng phương thức xét tuyển tổng hợp,QSB-319-Tổng Hợp,TỔNG HỢP
QSB,TRƯỜNG ĐẠI HỌC BÁCH KHOA-ĐẠI HỌC QUỐC GIA THÀNH PHỐ HỒ CHÍ MINH,https://hcmut.edu.vn,112,Dệt - May,60.75,754,TP. Hồ Chí Minh,Công lập,30000000,Đại trà,TỔNG HỢP,Sử dụng phương thức xét tuyển tổng hợp,QSB-112-Tổng Hợp,TỔNG HỢP
QSB,TRƯỜNG ĐẠI HỌC BÁCH KHOA-ĐẠI HỌC QUỐC GIA THÀNH PHỐ HỒ CHÍ MINH,https://hcmut.edu.vn,228,Logistics và Hệ thống Công nghiệp,73.05,752,TP. Hồ Chí Minh,Công lập,80000000,Chương trình dạy và học bằng tiếng Anh,TỔNG HỢP,Sử dụng phương thức xét tuyển tổng hợp,QSB-228-Tổng Hợp,TỔNG HỢP
QSB,TRƯỜNG ĐẠI HỌC BÁCH KHOA-ĐẠI HỌC QUỐC GIA THÀNH PHỐ HỒ CHÍ MINH,https://hcmut.edu.vn,107,Kỹ thuật Máy tính,82.91,748,TP. Hồ Chí Minh,Công lập,30000000,Đại trà,TỔNG HỢP,Sử dụng phương thức xét tuyển tổng hợp,QSB-107-Tổng Hợp,TỔNG HỢP
QSB,TRƯỜNG ĐẠI HỌC BÁCH KHOA-ĐẠI HỌC QUỐC GIA THÀNH PHỐ HỒ CHÍ MINH,https://hcmut.edu.vn,138,Cơ Kỹ thuật,75.98,752,TP. Hồ Chí Minh,Công lập,30000000,Đại trà,TỔNG HỢP,Sử dụng phương thức xét tuyển tổng hợp,QSB-138-Tổng Hợp,TỔNG HỢP
QSB,TRƯỜNG ĐẠI HỌC BÁCH KHOA-ĐẠI HỌC QUỐC GIA THÀNH PHỐ HỒ CHÍ MINH,https://hcmut.edu.vn,266,Khoa học Máy tính,77.05,748,TP. Hồ Chí Minh,Công lập,60000000,Chương trình định hướng Nhật Bản,TỔNG HỢP,Sử dụng phương thức xét tuyển tổng hợp,QSB-266-Tổng Hợp,TỔNG HỢP
QSB,TRƯỜNG ĐẠI HỌC BÁCH KHOA-ĐẠI HỌC QUỐC GIA THÀNH PHỐ HỒ CHÍ MINH,https://hcmut.edu.vn,253,Kinh doanh số (Ngành mới),59.06,785,TP. Hồ Chí Minh,Công lập,80000000,Chương trình dạy và học bằng tiếng Anh,TỔNG HỢP,Sử dụng phương thức xét tuyển tổng hợp,QSB-253-Tổng Hợp,TỔNG HỢP
QSB,TRƯỜNG ĐẠI HỌC BÁCH KHOA-ĐẠI HỌC QUỐC GIA THÀNH PHỐ HỒ CHÍ MINH,https://hcmut.edu.vn,114,Hoá - Thực phẩm - Sinh học,75.43,742,TP. Hồ Chí Minh,Công lập,30000000,Đại trà,TỔNG HỢP,Sử dụng phương thức xét tuyển tổng hợp,QSB-114-Tổng Hợp,TỔNG HỢP
QSB,TRƯỜNG ĐẠI HỌC BÁCH KHOA-ĐẠI HỌC QUỐC GIA THÀNH PHỐ HỒ CHÍ MINH,https://hcmut.edu.vn,223,Quản lý Công nghiệp,61.08,751,TP. Hồ Chí Minh,Công lập,80000000,Chương trình dạy và học bằng tiếng Anh,TỔNG HỢP,Sử dụng phương thức xét tuyển tổng hợp,QSB-223-Tổng Hợp,TỔNG HỢP
QSB,TRƯỜNG ĐẠI HỌC BÁCH KHOA-ĐẠI HỌC QUỐC GIA THÀNH PHỐ HỒ CHÍ MINH,https://hcmut.edu.vn,268,Cơ Kỹ thuật,69.4,752,TP. Hồ Chí Minh,Công lập,60000000,Chương trình định hướng Nhật Bản,TỔNG HỢP,Sử dụng phương thức xét tuyển tổng hợp,QSB-268-Tổng Hợp,TỔNG HỢP
QSB,TRƯỜNG ĐẠI HỌC BÁCH KHOA-ĐẠI HỌC QUỐC GIA THÀNH PHỐ HỒ CHÍ MINH,https://hcmut.edu.vn,242,Kỹ thuật Ô tô,69.49,752,TP. Hồ Chí Minh,Công lập,80000000,Chương trình dạy và học bằng tiếng Anh,TỔNG HỢP,Sử dụng phương thức xét tuyển tổng hợp,QSB-242-Tổng Hợp,TỔNG HỢP
QSB,TRƯỜNG ĐẠI HỌC BÁCH KHOA-ĐẠI HỌC QUỐC GIA THÀNH PHỐ HỒ CHÍ MINH,https://hcmut.edu.vn,137,Vật lý Kỹ thuật,76.61,752,TP. Hồ Chí Minh,Công lập,30000000,Đại trà,TỔNG HỢP,Sử dụng phương thức xét tuyển tổng hợp,QSB-137-Tổng Hợp,TỔNG HỢP
QSB,TRƯỜNG ĐẠI HỌC BÁCH KHOA-ĐẠI HỌC QUỐC GIA THÀNH PHỐ HỒ CHÍ MINH,https://hcmut.edu.vn,207,Kỹ thuật Máy tính,78.66,748,TP. Hồ Chí Minh,Công lập,80000000,Chương trình định hướng Nhật Bản,TỔNG HỢP,Sử dụng phương thức xét tuyển tổng hợp,QSB-207-Tổng Hợp,TỔNG HỢP
QSB,TRƯỜNG ĐẠI HỌC BÁCH KHOA-ĐẠI HỌC QUỐC GIA THÀNH PHỐ HỒ CHÍ MINH,https://hcmut.edu.vn,406,Trí tuệ Nhân tạo | ĐH Công nghệ Sydney (Úc) cấp bằng,65.5,748,TP. Hồ Chí Minh,Công lập,250000000,Chương trình liên kết cử nhân kỹ thuật Quốc tế,TỔNG HỢP,Sử dụng phương thức xét tuyển tổng hợp,QSB-406-Tổng Hợp,TỔNG HỢP
QSB,TRƯỜNG ĐẠI HỌC BÁCH KHOA-ĐẠI HỌC QUỐC GIA THÀNH PHỐ HỒ CHÍ MINH,https://hcmut.edu.vn,325,"Kỹ thuật Môi trường, Quản lý Tài nguyên & Môi trường | Úc",55.46,752,TP. Hồ Chí Minh,Công lập,40000000,Chương trình chuyển tiếp quốc tế (Úc),TỔNG HỢP,Sử dụng phương thức xét tuyển tổng hợp,QSB-325-Tổng Hợp,TỔNG HỢP
QSB,TRƯỜNG ĐẠI HỌC BÁCH KHOA-ĐẠI HỌC QUỐC GIA THÀNH PHỐ HỒ CHÍ MINH,https://hcmut.edu.vn,217,Kiến trúc Cảnh quan (Chuyên ngành của kiến trúc),55.45,758,TP. Hồ Chí Minh,Công lập,80000000,Chương trình dạy và học bằng tiếng Anh,TỔNG HỢP,Sử dụng phương thức xét tuyển tổng hợp,QSB-217-Tổng Hợp,TỔNG HỢP
QSB,TRƯỜNG ĐẠI HỌC BÁCH KHOA-ĐẠI HỌC QUỐC GIA THÀNH PHỐ HỒ CHÍ MINH,https://hcmut.edu.vn,117,Kiến Trúc,67.42,758,TP. Hồ Chí Minh,Công lập,30000000,Đại trà,TỔNG HỢP,Sử dụng phương thức xét tuyển tổng hợp,QSB-117-Tổng Hợp,TỔNG HỢP
QSB,TRƯỜNG ĐẠI HỌC BÁCH KHOA-ĐẠI HỌC QUỐC GIA THÀNH PHỐ HỒ CHÍ MINH,https://hcmut.edu.vn,142,Kỹ thuật Ô tô,76.34,751,TP. Hồ Chí Minh,Công lập,30000000,Đại trà,TỔNG HỢP,Sử dụng phương thức xét tuyển tổng hợp,QSB-142-Tổng Hợp,TỔNG HỢP
QSB,TRƯỜNG ĐẠI HỌC BÁCH KHOA-ĐẠI HỌC QUỐC GIA THÀNH PHỐ HỒ CHÍ MINH,https://hcmut.edu.vn,257,Năng lượng Tái tạo (Ngành mới),58.07,751,TP. Hồ Chí Minh,Công lập,80000000,Chương trình dạy và học bằng tiếng Anh,TỔNG HỢP,Sử dụng phương thức xét tuyển tổng hợp,QSB-257-Tổng Hợp,TỔNG HỢP
QSB,TRƯỜNG ĐẠI HỌC BÁCH KHOA-ĐẠI HỌC QUỐC GIA THÀNH PHỐ HỒ CHÍ MINH,https://hcmut.edu.vn,129,Kỹ thuật Vật liệu,71.1,752,TP. Hồ Chí Minh,Công lập,30000000,Đại trà,TỔNG HỢP,Sử dụng phương thức xét tuyển tổng hợp,QSB-129-Tổng Hợp,TỔNG HỢP
QSB,TRƯỜNG ĐẠI HỌC BÁCH KHOA-ĐẠI HỌC QUỐC GIA THÀNH PHỐ HỒ CHÍ MINH,https://hcmut.edu.vn,309,"Kỹ thuật Cơ khí | Mỹ, Úc",74.3,752,TP. Hồ Chí Minh,Công lập,40000000,Chương trình chuyển tiếp quốc tế (Mỹ/ Úc),TỔNG HỢP,Sử dụng phương thức xét tuyển tổng hợp,QSB-309-Tổng Hợp,TỔNG HỢP
QSB,TRƯỜNG ĐẠI HỌC BÁCH KHOA-ĐẠI HỌC QUỐC GIA THÀNH PHỐ HỒ CHÍ MINH,https://hcmut.edu.vn,220,Kỹ thuật Dầu khí,60.25,752,TP. Hồ Chí Minh,Công lập,80000000,Chương trình dạy và học bằng tiếng Anh,TỔNG HỢP,Sử dụng phương thức xét tuyển tổng hợp,QSB-220-Tổng Hợp,TỔNG HỢP
QSB,TRƯỜNG ĐẠI HỌC BÁCH KHOA-ĐẠI HỌC QUỐC GIA THÀNH PHỐ HỒ CHÍ MINH,https://hcmut.edu.vn,153,Quản trị Kinh doanh (Ngành mới),71.24,734,TP. Hồ Chí Minh,Công lập,30000000,Đại trà,TỔNG HỢP,Sử dụng phương thức xét tuyển tổng hợp,QSB-153-Tổng Hợp,TỔNG HỢP
QSB,TRƯỜNG ĐẠI HỌC BÁCH KHOA-ĐẠI HỌC QUỐC GIA THÀNH PHỐ HỒ CHÍ MINH,https://hcmut.edu.vn,209,Kỹ thuật Cơ khí,74.3,752,TP. Hồ Chí Minh,Công lập,80000000,Chương trình dạy và học bằng tiếng Anh,TỔNG HỢP,Sử dụng phương thức xét tuyển tổng hợp,QSB-209-Tổng Hợp,TỔNG HỢP
QSB,TRƯỜNG ĐẠI HỌC BÁCH KHOA-ĐẠI HỌC QUỐC GIA THÀNH PHỐ HỒ CHÍ MINH,https://hcmut.edu.vn,115,Xây dựng và Quản lý Dự án Xây dựng,55.05,758,TP. Hồ Chí Minh,Công lập,30000000,Đại trà,TỔNG HỢP,Sử dụng phương thức xét tuyển tổng hợp,QSB-115-Tổng Hợp,TỔNG HỢP
QSB,TRƯỜNG ĐẠI HỌC BÁCH KHOA-ĐẠI HỌC QUỐC GIA THÀNH PHỐ HỒ CHÍ MINH,https://hcmut.edu.vn,140,Kỹ thuật Nhiệt,73.5,752,TP. Hồ Chí Minh,Công lập,30000000,Đại trà,TỔNG HỢP,Sử dụng phương thức xét tuyển tổng hợp,QSB-140-Tổng Hợp,TỔNG HỢP
QSB,TRƯỜNG ĐẠI HỌC BÁCH KHOA-ĐẠI HỌC QUỐC GIA THÀNH PHỐ HỒ CHÍ MINH,https://hcmut.edu.vn,229,Kỹ thuật Vật liệu,55.23,752,TP. Hồ Chí Minh,Công lập,80000000,Chương trình dạy và học bằng tiếng Anh,TỔNG HỢP,Sử dụng phương thức xét tuyển tổng hợp,QSB-229-Tổng Hợp,TỔNG HỢP
QSB,TRƯỜNG ĐẠI HỌC BÁCH KHOA-ĐẠI HỌC QUỐC GIA THÀNH PHỐ HỒ CHÍ MINH,https://hcmut.edu.vn,245,Kỹ thuật Hàng không,78.79,752,TP. Hồ Chí Minh,Công lập,80000000,Chương trình dạy và học bằng tiếng Anh,TỔNG HỢP,Sử dụng phương thức xét tuyển tổng hợp,QSB-245-Tổng Hợp,TỔNG HỢP
QSB,TRƯỜNG ĐẠI HỌC BÁCH KHOA-ĐẠI HỌC QUỐC GIA THÀNH PHỐ HỒ CHÍ MINH,https://hcmut.edu.vn,218,Công nghệ Sinh học,66.13,742,TP. Hồ Chí Minh,Công lập,80000000,Chương trình dạy và học bằng tiếng Anh,TỔNG HỢP,Sử dụng phương thức xét tuyển tổng hợp,QSB-218-Tổng Hợp,TỔNG HỢP
QSB,TRƯỜNG ĐẠI HỌC BÁCH KHOA-ĐẠI HỌC QUỐC GIA THÀNH PHỐ HỒ CHÍ MINH,https://hcmut.edu.vn,255,Kinh tế Tuần hoàn (Ngành mới),64.38,785,TP. Hồ Chí Minh,Công lập,80000000,Chương trình dạy và học bằng tiếng Anh,TỔNG HỢP,Sử dụng phương thức xét tuyển tổng hợp,QSB-255-Tổng Hợp,TỔNG HỢP
QSB,TRƯỜNG ĐẠI HỌC BÁCH KHOA-ĐẠI HỌC QUỐC GIA THÀNH PHỐ HỒ CHÍ MINH,https://hcmut.edu.vn,214,Kỹ thuật Hóa học,63.3,752,TP. Hồ Chí Minh,Công lập,80000000,Chương trình dạy và học bằng tiếng Anh,TỔNG HỢP,Sử dụng phương thức xét tuyển tổng hợp,QSB-214-Tổng Hợp,TỔNG HỢP
QSB,TRƯỜNG ĐẠI HỌC BÁCH KHOA-ĐẠI HỌC QUỐC GIA THÀNH PHỐ HỒ CHÍ MINH,https://hcmut.edu.vn,125,Tài nguyên và Môi trường,60.93,785,TP. Hồ Chí Minh,Công lập,30000000,Đại trà,TỔNG HỢP,Sử dụng phương thức xét tuyển tổng hợp,QSB-125-Tổng Hợp,TỔNG HỢP
QSB,TRƯỜNG ĐẠI HỌC BÁCH KHOA-ĐẠI HỌC QUỐC GIA THÀNH PHỐ HỒ CHÍ MINH,https://hcmut.edu.vn,306,"Khoa học Máy tính | Úc, New Zealand, Mỹ",72.9,748,TP. Hồ Chí Minh,Công lập,40000000,Chương trình chuyển tiếp quốc tế (Úc/ New Zealand/ Mỹ),TỔNG HỢP,Sử dụng phương thức xét tuyển tổng hợp,QSB-306-Tổng Hợp,TỔNG HỢP
QSB,TRƯỜNG ĐẠI HỌC BÁCH KHOA-ĐẠI HỌC QUỐC GIA THÀNH PHỐ HỒ CHÍ MINH,https://hcmut.edu.vn,314,Kỹ thuật Hóa học | Úc,63.3,752,TP. Hồ Chí Minh,Công lập,40000000,Chương trình chuyển tiếp quốc tế (Úc),TỔNG HỢP,Sử dụng phương thức xét tuyển tổng hợp,QSB-314-Tổng Hợp,TỔNG HỢP
QSB,TRƯỜNG ĐẠI HỌC BÁCH KHOA-ĐẠI HỌC QUỐC GIA THÀNH PHỐ HỒ CHÍ MINH,https://hcmut.edu.vn,215,Quản lý Dự án Xây dựng và Kỹ thuật Xây dựng,56.2,758,TP. Hồ Chí Minh,Công lập,80000000,Chương trình dạy và học bằng tiếng Anh,TỔNG HỢP,Sử dụng phương thức xét tuyển tổng hợp,QSB-215-Tổng Hợp,TỔNG HỢP
QSB,TRƯỜNG ĐẠI HỌC BÁCH KHOA-ĐẠI HỌC QUỐC GIA THÀNH PHỐ HỒ CHÍ MINH,https://hcmut.edu.vn,128,Logistics và Hệ thống Công nghiệp,80.52,752,TP. Hồ Chí Minh,Công lập,30000000,Đại trà,TỔNG HỢP,Sử dụng phương thức xét tuyển tổng hợp,QSB-128-Tổng Hợp,TỔNG HỢP
QSB,TRƯỜNG ĐẠI HỌC BÁCH KHOA-ĐẠI HỌC QUỐC GIA THÀNH PHỐ HỒ CHÍ MINH,https://hcmut.edu.vn,148,Kinh tế Xây dựng,55.72,758,TP. Hồ Chí Minh,Công lập,30000000,Đại trà,TỔNG HỢP,Sử dụng phương thức xét tuyển tổng hợp,QSB-148-Tổng Hợp,TỔNG HỢP
QSB,TRƯỜNG ĐẠI HỌC BÁCH KHOA-ĐẠI HỌC QUỐC GIA THÀNH PHỐ HỒ CHÍ MINH,https://hcmut.edu.vn,208,Kỹ thuật Điện - Điện tử,79.5,752,TP. Hồ Chí Minh,Công lập,80000000,Chương trình tiên tiến (giảng dạy bằng tiếng Anh),TỔNG HỢP,Sử dụng phương thức xét tuyển tổng hợp,QSB-208-Tổng Hợp,TỔNG HỢP
QSB,TRƯỜNG ĐẠI HỌC BÁCH KHOA-ĐẠI HỌC QUỐC GIA THÀNH PHỐ HỒ CHÍ MINH,https://hcmut.edu.vn,109,Kỹ Thuật Cơ khí,75.43,752,TP. Hồ Chí Minh,Công lập,30000000,Đại trà,TỔNG HỢP,Sử dụng phương thức xét tuyển tổng hợp,QSB-109-Tổng Hợp,TỔNG HỢP
QSB,TRƯỜNG ĐẠI HỌC BÁCH KHOA-ĐẠI HỌC QUỐC GIA THÀNH PHỐ HỒ CHÍ MINH,https://hcmut.edu.vn,219,Công nghệ Thực phẩm,59.21,754,TP. Hồ Chí Minh,Công lập,80000000,Chương trình dạy và học bằng tiếng Anh,TỔNG HỢP,Sử dụng phương thức xét tuyển tổng hợp,QSB-219-Tổng Hợp,TỔNG HỢP
QSB,TRƯỜNG ĐẠI HỌC BÁCH KHOA-ĐẠI HỌC QUỐC GIA THÀNH PHỐ HỒ CHÍ MINH,https://hcmut.edu.vn,145,(Song ngành) Tàu thủy - Hàng không,76.63,752,TP. Hồ Chí Minh,Công lập,30000000,Đại trà,TỔNG HỢP,Sử dụng phương thức xét tuyển tổng hợp,QSB-145-Tổng Hợp,TỔNG HỢP
QSB,TRƯỜNG ĐẠI HỌC BÁCH KHOA-ĐẠI HỌC QUỐC GIA THÀNH PHỐ HỒ CHÍ MINH,https://hcmut.edu.vn,225,Tài nguyên và Môi trường,55.46,785,TP. Hồ Chí Minh,Công lập,80000000,Chương trình dạy và học bằng tiếng Anh,TỔNG HỢP,Sử dụng phương thức xét tuyển tổng hợp,QSB-225-Tổng Hợp,TỔNG HỢP
QSB,TRƯỜNG ĐẠI HỌC BÁCH KHOA-ĐẠI HỌC QUỐC GIA THÀNH PHỐ HỒ CHÍ MINH,https://hcmut.edu.vn,110,Kỹ Thuật Cơ Điện tử,81.82,751,TP. Hồ Chí Minh,Công lập,30000000,Đại trà,TỔNG HỢP,Sử dụng phương thức xét tuyển tổng hợp,QSB-110-Tổng Hợp,TỔNG HỢP
QSB,TRƯỜNG ĐẠI HỌC BÁCH KHOA-ĐẠI HỌC QUỐC GIA THÀNH PHỐ HỒ CHÍ MINH,https://hcmut.edu.vn,307,"Kỹ thuật Máy tính | Úc, New Zealand",67.68,748,TP. Hồ Chí Minh,Công lập,40000000,Chương trình chuyển tiếp quốc tế (Úc/ New Zealand/ Mỹ),TỔNG HỢP,Sử dụng phương thức xét tuyển tổng hợp,QSB-307-Tổng Hợp,TỔNG HỢP
QSB,TRƯỜNG ĐẠI HỌC BÁCH KHOA-ĐẠI HỌC QUỐC GIA THÀNH PHỐ HỒ CHÍ MINH,https://hcmut.edu.vn,147,Địa Kỹ thuật Xây dựng,55.06,758,TP. Hồ Chí Minh,Công lập,30000000,Đại trà,TỔNG HỢP,Sử dụng phương thức xét tuyển tổng hợp,QSB-147-Tổng Hợp,TỔNG HỢP
QSB,TRƯỜNG ĐẠI HỌC BÁCH KHOA-ĐẠI HỌC QUỐC GIA THÀNH PHỐ HỒ CHÍ MINH,https://hcmut.edu.vn,254,Công nghệ Sinh học số (Ngành mới),56.42,742,TP. Hồ Chí Minh,Công lập,80000000,Chương trình dạy và học bằng tiếng Anh,TỔNG HỢP,Sử dụng phương thức xét tuyển tổng hợp,QSB-254-Tổng Hợp,TỔNG HỢP
QSB,TRƯỜNG ĐẠI HỌC BÁCH KHOA-ĐẠI HỌC QUỐC GIA THÀNH PHỐ HỒ CHÍ MINH,https://hcmut.edu.vn,345,Kỹ thuật Hàng không | Úc,78.79,752,TP. Hồ Chí Minh,Công lập,40000000,Chương trình chuyển tiếp quốc tế (Úc),TỔNG HỢP,Sử dụng phương thức xét tuyển tổng hợp,QSB-345-Tổng Hợp,TỔNG HỢP
QSB,TRƯỜNG ĐẠI HỌC BÁCH KHOA-ĐẠI HỌC QUỐC GIA THÀNH PHỐ HỒ CHÍ MINH,https://hcmut.edu.vn,106,Khoa học Máy tính,85.41,748,TP. Hồ Chí Minh,Công lập,30000000,Đại trà,TỔNG HỢP,Sử dụng phương thức xét tuyển tổng hợp,QSB-106-Tổng Hợp,TỔNG HỢP
QSB,TRƯỜNG ĐẠI HỌC BÁCH KHOA-ĐẠI HỌC QUỐC GIA THÀNH PHỐ HỒ CHÍ MINH,https://hcmut.edu.vn,315,Kỹ thuật Xây dựng | Úc,56.2,758,TP. Hồ Chí Minh,Công lập,40000000,Chương trình chuyển tiếp quốc tế (Úc),TỔNG HỢP,Sử dụng phương thức xét tuyển tổng hợp,QSB-315-Tổng Hợp,TỔNG HỢP
QSB,TRƯỜNG ĐẠI HỌC BÁCH KHOA-ĐẠI HỌC QUỐC GIA THÀNH PHỐ HỒ CHÍ MINH,https://hcmut.edu.vn,308,"Kỹ thuật Điện - Điện tử | Úc, Hàn Quốc",65.52,752,TP. Hồ Chí Minh,Công lập,40000000,Chương trình chuyển tiếp quốc tế (Úc/ Hàn Quốc),TỔNG HỢP,Sử dụng phương thức xét tuyển tổng hợp,QSB-308-Tổng Hợp,TỔNG HỢP
QSB,TRƯỜNG ĐẠI HỌC BÁCH KHOA-ĐẠI HỌC QUỐC GIA THÀNH PHỐ HỒ CHÍ MINH,https://hcmut.edu.vn,146,Khoa học Dữ liệu,83.85,751,TP. Hồ Chí Minh,Công lập,30000000,Đại trà,TỔNG HỢP,Sử dụng phương thức xét tuyển tổng hợp,QSB-146-Tổng Hợp,TỔNG HỢP
QSB,TRƯỜNG ĐẠI HỌC BÁCH KHOA-ĐẠI HỌC QUỐC GIA THÀNH PHỐ HỒ CHÍ MINH,https://hcmut.edu.vn,342,Kỹ thuật Ô tô | Úc,69.49,752,TP. Hồ Chí Minh,Công lập,40000000,Chương trình chuyển tiếp quốc tế (Úc),TỔNG HỢP,Sử dụng phương thức xét tuyển tổng hợp,QSB-342-Tổng Hợp,TỔNG HỢP
QSB,TRƯỜNG ĐẠI HỌC BÁCH KHOA-ĐẠI HỌC QUỐC GIA THÀNH PHỐ HỒ CHÍ MINH,https://hcmut.edu.vn,258,Thiết kế Vi mạch (Ngành mới),83.09,752,TP. Hồ Chí Minh,Công lập,80000000,Chương trình dạy và học bằng tiếng Anh,TỔNG HỢP,Sử dụng phương thức xét tuyển tổng hợp,QSB-258-Tổng Hợp,TỔNG HỢP
QSB,TRƯỜNG ĐẠI HỌC BÁCH KHOA-ĐẠI HỌC QUỐC GIA THÀNH PHỐ HỒ CHÍ MINH,https://hcmut.edu.vn,211,Kỹ thuật Robot,73.89,752,TP. Hồ Chí Minh,Công lập,80000000,Chương trình dạy và học bằng tiếng Anh,TỔNG HỢP,Sử dụng phương thức xét tuyển tổng hợp,QSB-211-Tổng Hợp,TỔNG HỢP
